Pipeline,Algorithm,n_clusters,ARI,AMI,Purity,Silhouette,DaviesBouldin,Noise Fraction,Components Used
PCA,KMeans (Known K),8,0.4767615150753599,0.6210031497064972,0.7327188940092166,0.13867084681987762,2.0850361308403587,0.0,50
PCA,KMeans (Unknown K),3,0.4018570828644905,0.5680754210248975,0.5456221198156682,0.19792602956295013,1.7618939599232846,0.0,50
PCA,Bayesian GMM,16,0.32877842220650433,0.5685146452370511,0.7557603686635944,0.08419827371835709,2.6096070942352037,0.0,50
PCA,HDBSCAN,2,0.0719347975603422,0.16335538092240426,0.23778801843317973,0.2303168624639511,1.2640241857882968,0.45622119815668205,50
Exploratory UMAP,KMeans (Known K),8,0.5192773159489938,0.673996812808316,0.7474654377880184,0.6254844665527344,0.5220419933000511,0.0,15
Exploratory UMAP,KMeans (Unknown K),4,0.5642833582120393,0.7252345117510007,0.7050691244239631,0.7233753800392151,0.37042366217986566,0.0,15
Exploratory UMAP,Bayesian GMM,15,0.49071713187291477,0.6895450298894537,0.8543778801843318,0.4300229251384735,0.8285996647823773,0.0,15
Exploratory UMAP,HDBSCAN,5,0.612153163454643,0.7607240772609479,0.7474654377880184,0.6809157729148865,0.4270099251815476,0.0,15
