Pipeline,Algorithm,n_clusters,ARI,AMI,Purity,Silhouette,DaviesBouldin,Noise Fraction,Components Used
PCA,KMeans (Known K),50,0.3148300555020549,0.5707569371680614,0.4788839376139356,0.16492098569869995,2.0605386371850596,0.0,50
PCA,KMeans (Unknown K),39,0.27767150078715946,0.5543198035165238,0.4197893457565323,0.1692599207162857,1.9669426313141594,0.0,50
PCA,Bayesian GMM,50,0.30915605415229913,0.5910005701030515,0.47133886975896294,0.12621106207370758,2.2057484434081487,0.0,50
PCA,HDBSCAN,0,0.0,0.0,0.0,,,1.0,50
Exploratory UMAP,KMeans (Known K),50,0.35713640302890304,0.6390306852461635,0.505114441968807,0.5635751485824585,0.5652446192029046,0.0,15
Exploratory UMAP,KMeans (Unknown K),37,0.31952093038935064,0.624528172726215,0.4352677064344069,0.5846934914588928,0.516942770834255,0.0,15
Exploratory UMAP,Bayesian GMM,50,0.34971553947447587,0.6440311800694616,0.5057389777867801,0.5197243094444275,0.9864063474226061,0.0,15
Exploratory UMAP,HDBSCAN,7,0.06838342307029348,0.43284832355513353,0.1355242725001688,0.5587171912193298,0.48587712314421777,0.09330902707447168,15
