Pipeline,Algorithm,n_clusters,ARI,AMI,Purity,Silhouette,DaviesBouldin,Noise Fraction,Components Used
PCA,KMeans (Known K),46,0.4804947147199192,0.756828794851697,0.7632582498601719,0.1406872421503067,1.9949635492561004,0.0,50
PCA,KMeans (Unknown K),3,0.09090610093043341,0.358947591993902,0.19423399603396552,0.16888459026813507,1.8854781089407957,0.0,50
PCA,Bayesian GMM,50,0.5625474071698857,0.8233903334418484,0.8362739614582804,0.1330469399690628,2.044257882979616,0.0,50
PCA,HDBSCAN,3,0.012217847440069641,0.20439075401085388,0.09325265673463162,0.4010254442691803,1.031502442553286,0.7871053032999441,50
Exploratory UMAP,KMeans (Known K),46,0.629778887147122,0.8710897308324798,0.8752733004525347,0.6332193613052368,0.5031948991489189,0.0,15
Exploratory UMAP,KMeans (Unknown K),12,0.3311653105089304,0.7202501236038961,0.44500940662022676,0.7526760697364807,0.29952552084892825,0.0,15
Exploratory UMAP,Bayesian GMM,29,0.6832579001752551,0.8915104638135306,0.7257843087405298,0.6702057123184204,0.34587381406788514,0.0,15
Exploratory UMAP,HDBSCAN,12,0.3801117353402138,0.7469884371701309,0.4756699038999339,0.6862799525260925,0.3198810663774713,0.08994762800630497,15
