Pipeline,Algorithm,n_clusters,ARI,AMI,Purity,Silhouette,DaviesBouldin,Noise Fraction,Components Used
PCA,KMeans (Known K),2,0.03851829785354396,0.025588387877108914,0.5990424895272292,0.16401885449886322,2.138138188243844,0.0,50
PCA,KMeans (Unknown K),2,0.03851829785354396,0.025588387877108914,0.5990424895272292,0.16401885449886322,2.138138188243844,0.0,50
PCA,Bayesian GMM,4,0.04926728445718267,0.03783337289714626,0.6289646918013165,0.1186901107430458,2.483830487204906,0.0,50
PCA,HDBSCAN,2,0.0003493002563089439,0.04887274446674313,0.13046080191502094,0.42983704805374146,0.7396524816895665,0.8336325553560742,50
Exploratory UMAP,KMeans (Known K),2,0.010229773270043438,0.0019093547950741875,0.5858767205266308,0.5332639217376709,0.6047364761921596,0.0,15
Exploratory UMAP,KMeans (Unknown K),3,0.09734134674669853,0.06124931618877624,0.651705565529623,0.5396137237548828,0.6413144746338504,0.0,15
Exploratory UMAP,Bayesian GMM,4,0.08167360062472777,0.05000414508694148,0.634949132256134,0.43601036071777344,0.7782159673741644,0.0,15
Exploratory UMAP,HDBSCAN,3,0.025122400619038504,0.06601034639359783,0.6235786953919809,0.4906126856803894,0.4665679503313651,0.008976660682226212,15
